,embedding,DR,layout-quality-measure,embedding-quality-measure,value
0,lda,mds,accloc,c-v,-0.17
1,lda,mds,accglo,c-v,0.19
2,lda,mds,per,c-v,-0.33
3,lda,mds,accloc,u-mass,0.01
4,lda,mds,accglo,u-mass,-0.18
5,lda,mds,per,u-mass,0.4
6,lda,mds,accloc,c-uci,-0.13
7,lda,mds,accglo,c-uci,0.25
8,lda,mds,per,c-uci,-0.07
9,lda,mds,accloc,c-npmi,-0.22
10,lda,mds,accglo,c-npmi,0.52
11,lda,mds,per,c-npmi,-0.42
12,lda,som,accloc,c-v,0.03
13,lda,som,accglo,c-v,-0.02
14,lda,som,per,c-v,-0.31
15,lda,som,accloc,u-mass,-0.04
16,lda,som,accglo,u-mass,-0.01
17,lda,som,per,u-mass,0.06
18,lda,som,accloc,c-uci,0.02
19,lda,som,accglo,c-uci,0.14
20,lda,som,per,c-uci,-0.25
21,lda,som,accloc,c-npmi,0.05
22,lda,som,accglo,c-npmi,0.14
23,lda,som,per,c-npmi,-0.5
24,lda,tsne,accloc,c-v,0.12
25,lda,tsne,accglo,c-v,0.11
26,lda,tsne,per,c-v,-0.23
27,lda,tsne,accloc,u-mass,-0.08
28,lda,tsne,accglo,u-mass,-0.05
29,lda,tsne,per,u-mass,0.0
30,lda,tsne,accloc,c-uci,-0.02
31,lda,tsne,accglo,c-uci,0.01
32,lda,tsne,per,c-uci,-0.33
33,lda,tsne,accloc,c-npmi,0.06
34,lda,tsne,accglo,c-npmi,0.08
35,lda,tsne,per,c-npmi,-0.58
36,lda,umap,accloc,c-v,0.01
37,lda,umap,accglo,c-v,0.0
38,lda,umap,per,c-v,-0.29
39,lda,umap,accloc,u-mass,-0.04
40,lda,umap,accglo,u-mass,0.03
41,lda,umap,per,u-mass,0.06
42,lda,umap,accloc,c-uci,-0.05
43,lda,umap,accglo,c-uci,0.04
44,lda,umap,per,c-uci,-0.28
45,lda,umap,accloc,c-npmi,-0.05
46,lda,umap,accglo,c-npmi,0.04
47,lda,umap,per,c-npmi,-0.55
48,lsi,mds,accloc,c-v,0.37
49,lsi,mds,accglo,c-v,0.06
50,lsi,mds,per,c-v,0.21
51,lsi,mds,accloc,u-mass,0.01
52,lsi,mds,accglo,u-mass,0.15
53,lsi,mds,per,u-mass,0.03
54,lsi,mds,accloc,c-uci,0.32
55,lsi,mds,accglo,c-uci,0.41
56,lsi,mds,per,c-uci,-0.08
57,lsi,mds,accloc,c-npmi,0.24
58,lsi,mds,accglo,c-npmi,0.15
59,lsi,mds,per,c-npmi,0.15
60,lsi,som,accloc,c-v,-0.07
61,lsi,som,accglo,c-v,0.12
62,lsi,som,per,c-v,-0.05
63,lsi,som,accloc,u-mass,-0.17
64,lsi,som,accglo,u-mass,-0.04
65,lsi,som,per,u-mass,0.02
66,lsi,som,accloc,c-uci,-0.18
67,lsi,som,accglo,c-uci,-0.04
68,lsi,som,per,c-uci,-0.24
69,lsi,som,accloc,c-npmi,-0.24
70,lsi,som,accglo,c-npmi,0.0
71,lsi,som,per,c-npmi,-0.14
72,lsi,tsne,accloc,c-v,0.05
73,lsi,tsne,accglo,c-v,0.23
74,lsi,tsne,per,c-v,-0.01
75,lsi,tsne,accloc,u-mass,-0.07
76,lsi,tsne,accglo,u-mass,0.19
77,lsi,tsne,per,u-mass,-0.06
78,lsi,tsne,accloc,c-uci,-0.1
79,lsi,tsne,accglo,c-uci,0.16
80,lsi,tsne,per,c-uci,-0.34
81,lsi,tsne,accloc,c-npmi,-0.14
82,lsi,tsne,accglo,c-npmi,0.24
83,lsi,tsne,per,c-npmi,-0.18
84,lsi,umap,accloc,c-v,-0.09
85,lsi,umap,accglo,c-v,-0.08
86,lsi,umap,per,c-v,-0.07
87,lsi,umap,accloc,u-mass,-0.19
88,lsi,umap,accglo,u-mass,-0.02
89,lsi,umap,per,u-mass,0.02
90,lsi,umap,accloc,c-uci,-0.18
91,lsi,umap,accglo,c-uci,-0.0
92,lsi,umap,per,c-uci,-0.25
93,lsi,umap,accloc,c-npmi,-0.25
94,lsi,umap,accglo,c-npmi,-0.09
95,lsi,umap,per,c-npmi,-0.15
96,lsi-tfidf,mds,accloc,c-v,0.24
97,lsi-tfidf,mds,accglo,c-v,-0.19
98,lsi-tfidf,mds,per,c-v,0.08
99,lsi-tfidf,mds,accloc,u-mass,0.18
100,lsi-tfidf,mds,accglo,u-mass,0.16
101,lsi-tfidf,mds,per,u-mass,0.24
102,lsi-tfidf,mds,accloc,c-uci,0.19
103,lsi-tfidf,mds,accglo,c-uci,0.46
104,lsi-tfidf,mds,per,c-uci,-0.06
105,lsi-tfidf,mds,accloc,c-npmi,0.34
106,lsi-tfidf,mds,accglo,c-npmi,0.62
107,lsi-tfidf,mds,per,c-npmi,-0.21
108,lsi-tfidf,som,accloc,c-v,0.36
109,lsi-tfidf,som,accglo,c-v,0.19
110,lsi-tfidf,som,per,c-v,0.3
111,lsi-tfidf,som,accloc,u-mass,-0.47
112,lsi-tfidf,som,accglo,u-mass,0.1
113,lsi-tfidf,som,per,u-mass,-0.19
114,lsi-tfidf,som,accloc,c-uci,-0.4
115,lsi-tfidf,som,accglo,c-uci,0.11
116,lsi-tfidf,som,per,c-uci,-0.35
117,lsi-tfidf,som,accloc,c-npmi,-0.24
118,lsi-tfidf,som,accglo,c-npmi,0.17
119,lsi-tfidf,som,per,c-npmi,-0.32
120,lsi-tfidf,tsne,accloc,c-v,0.46
121,lsi-tfidf,tsne,accglo,c-v,-0.06
122,lsi-tfidf,tsne,per,c-v,0.24
123,lsi-tfidf,tsne,accloc,u-mass,-0.38
124,lsi-tfidf,tsne,accglo,u-mass,0.55
125,lsi-tfidf,tsne,per,u-mass,-0.32
126,lsi-tfidf,tsne,accloc,c-uci,-0.34
127,lsi-tfidf,tsne,accglo,c-uci,0.5
128,lsi-tfidf,tsne,per,c-uci,-0.46
129,lsi-tfidf,tsne,accloc,c-npmi,-0.19
130,lsi-tfidf,tsne,accglo,c-npmi,0.44
131,lsi-tfidf,tsne,per,c-npmi,-0.47
132,lsi-tfidf,umap,accloc,c-v,0.24
133,lsi-tfidf,umap,accglo,c-v,0.07
134,lsi-tfidf,umap,per,c-v,0.24
135,lsi-tfidf,umap,accloc,u-mass,-0.4
136,lsi-tfidf,umap,accglo,u-mass,0.22
137,lsi-tfidf,umap,per,u-mass,-0.12
138,lsi-tfidf,umap,accloc,c-uci,-0.33
139,lsi-tfidf,umap,accglo,c-uci,0.24
140,lsi-tfidf,umap,per,c-uci,-0.28
141,lsi-tfidf,umap,accloc,c-npmi,-0.22
142,lsi-tfidf,umap,accglo,c-npmi,0.27
143,lsi-tfidf,umap,per,c-npmi,-0.25
144,nmf,mds,accloc,c-v,0.38
145,nmf,mds,accglo,c-v,-0.06
146,nmf,mds,per,c-v,0.08
147,nmf,mds,accloc,u-mass,-0.34
148,nmf,mds,accglo,u-mass,0.17
149,nmf,mds,per,u-mass,-0.05
150,nmf,mds,accloc,c-uci,0.44
151,nmf,mds,accglo,c-uci,0.23
152,nmf,mds,per,c-uci,-0.07
153,nmf,mds,accloc,c-npmi,0.45
154,nmf,mds,accglo,c-npmi,-0.05
155,nmf,mds,per,c-npmi,0.16
156,nmf,som,accloc,c-v,0.01
157,nmf,som,accglo,c-v,0.01
158,nmf,som,per,c-v,-0.23
159,nmf,som,accloc,u-mass,-0.01
160,nmf,som,accglo,u-mass,0.09
161,nmf,som,per,u-mass,0.09
162,nmf,som,accloc,c-uci,0.01
163,nmf,som,accglo,c-uci,0.12
164,nmf,som,per,c-uci,-0.5
165,nmf,som,accloc,c-npmi,-0.03
166,nmf,som,accglo,c-npmi,0.06
167,nmf,som,per,c-npmi,-0.37
168,nmf,tsne,accloc,c-v,0.04
169,nmf,tsne,accglo,c-v,-0.05
170,nmf,tsne,per,c-v,-0.21
171,nmf,tsne,accloc,u-mass,-0.1
172,nmf,tsne,accglo,u-mass,0.18
173,nmf,tsne,per,u-mass,0.08
174,nmf,tsne,accloc,c-uci,0.05
175,nmf,tsne,accglo,c-uci,0.08
176,nmf,tsne,per,c-uci,-0.48
177,nmf,tsne,accloc,c-npmi,-0.02
178,nmf,tsne,accglo,c-npmi,0.04
179,nmf,tsne,per,c-npmi,-0.34
180,nmf,umap,accloc,c-v,-0.03
181,nmf,umap,accglo,c-v,-0.09
182,nmf,umap,per,c-v,-0.26
183,nmf,umap,accloc,u-mass,-0.0
184,nmf,umap,accglo,u-mass,0.16
185,nmf,umap,per,u-mass,0.12
186,nmf,umap,accloc,c-uci,-0.05
187,nmf,umap,accglo,c-uci,0.05
188,nmf,umap,per,c-uci,-0.48
189,nmf,umap,accloc,c-npmi,-0.08
190,nmf,umap,accglo,c-npmi,-0.02
191,nmf,umap,per,c-npmi,-0.38
192,nmf-tfidf,mds,accloc,c-v,-0.02
193,nmf-tfidf,mds,accglo,c-v,-0.07
194,nmf-tfidf,mds,per,c-v,-0.03
195,nmf-tfidf,mds,accloc,u-mass,0.31
196,nmf-tfidf,mds,accglo,u-mass,0.1
197,nmf-tfidf,mds,per,u-mass,0.14
198,nmf-tfidf,mds,accloc,c-uci,0.38
199,nmf-tfidf,mds,accglo,c-uci,0.08
200,nmf-tfidf,mds,per,c-uci,-0.02
201,nmf-tfidf,mds,accloc,c-npmi,0.44
202,nmf-tfidf,mds,accglo,c-npmi,-0.02
203,nmf-tfidf,mds,per,c-npmi,-0.24
204,nmf-tfidf,som,accloc,c-v,0.23
205,nmf-tfidf,som,accglo,c-v,-0.05
206,nmf-tfidf,som,per,c-v,0.04
207,nmf-tfidf,som,accloc,u-mass,-0.07
208,nmf-tfidf,som,accglo,u-mass,0.15
209,nmf-tfidf,som,per,u-mass,-0.32
210,nmf-tfidf,som,accloc,c-uci,-0.02
211,nmf-tfidf,som,accglo,c-uci,0.14
212,nmf-tfidf,som,per,c-uci,-0.42
213,nmf-tfidf,som,accloc,c-npmi,0.07
214,nmf-tfidf,som,accglo,c-npmi,0.18
215,nmf-tfidf,som,per,c-npmi,-0.53
216,nmf-tfidf,tsne,accloc,c-v,0.38
217,nmf-tfidf,tsne,accglo,c-v,-0.13
218,nmf-tfidf,tsne,per,c-v,0.03
219,nmf-tfidf,tsne,accloc,u-mass,0.04
220,nmf-tfidf,tsne,accglo,u-mass,0.2
221,nmf-tfidf,tsne,per,u-mass,-0.35
222,nmf-tfidf,tsne,accloc,c-uci,0.07
223,nmf-tfidf,tsne,accglo,c-uci,0.15
224,nmf-tfidf,tsne,per,c-uci,-0.47
225,nmf-tfidf,tsne,accloc,c-npmi,0.21
226,nmf-tfidf,tsne,accglo,c-npmi,0.11
227,nmf-tfidf,tsne,per,c-npmi,-0.59
228,nmf-tfidf,umap,accloc,c-v,0.16
229,nmf-tfidf,umap,accglo,c-v,-0.08
230,nmf-tfidf,umap,per,c-v,0.03
231,nmf-tfidf,umap,accloc,u-mass,-0.06
232,nmf-tfidf,umap,accglo,u-mass,0.22
233,nmf-tfidf,umap,per,u-mass,-0.31
234,nmf-tfidf,umap,accloc,c-uci,-0.02
235,nmf-tfidf,umap,accglo,c-uci,0.2
236,nmf-tfidf,umap,per,c-uci,-0.42
237,nmf-tfidf,umap,accloc,c-npmi,0.07
238,nmf-tfidf,umap,accglo,c-npmi,0.21
239,nmf-tfidf,umap,per,c-npmi,-0.54
240,bert,mds,accloc,performance-sentence-embeddings,0.19
241,bert,mds,accglo,performance-sentence-embeddings,-0.47
242,bert,mds,per,performance-sentence-embeddings,0.03
243,bert,mds,accloc,performance-semantic-search,0.18
244,bert,mds,accglo,performance-semantic-search,-0.47
245,bert,mds,per,performance-semantic-search,0.01
246,bert,som,accloc,performance-sentence-embeddings,0.18
247,bert,som,accglo,performance-sentence-embeddings,0.27
248,bert,som,per,performance-sentence-embeddings,0.08
249,bert,som,accloc,performance-semantic-search,0.18
250,bert,som,accglo,performance-semantic-search,0.27
251,bert,som,per,performance-semantic-search,0.08
252,bert,tsne,accloc,performance-sentence-embeddings,0.26
253,bert,tsne,accglo,performance-sentence-embeddings,0.31
254,bert,tsne,per,performance-sentence-embeddings,0.09
255,bert,tsne,accloc,performance-semantic-search,0.27
256,bert,tsne,accglo,performance-semantic-search,0.33
257,bert,tsne,per,performance-semantic-search,0.09
258,bert,umap,accloc,performance-sentence-embeddings,0.22
259,bert,umap,accglo,performance-sentence-embeddings,0.3
260,bert,umap,per,performance-sentence-embeddings,0.13
261,bert,umap,accloc,performance-semantic-search,0.21
262,bert,umap,accglo,performance-semantic-search,0.31
263,bert,umap,per,performance-semantic-search,0.13
