,corpus,embedding,DR,layout-quality-measure,value
0,20Newsgroups,bow,mds,accloc,0
1,20Newsgroups,bow,mds,accglo,0
2,20Newsgroups,bow,mds,perception,0
3,20Newsgroups,bow,som,accloc,0.8
4,20Newsgroups,bow,som,accglo,0.57
5,20Newsgroups,bow,som,perception,0.25
6,20Newsgroups,bow,tsne,accloc,0.93
7,20Newsgroups,bow,tsne,accglo,0.62
8,20Newsgroups,bow,tsne,perception,0.57
9,20Newsgroups,bow,umap,accloc,0.74
10,20Newsgroups,bow,umap,accglo,0.57
11,20Newsgroups,bow,umap,perception,0.29
12,20Newsgroups,tfidf,mds,accloc,0
13,20Newsgroups,tfidf,mds,accglo,0
14,20Newsgroups,tfidf,mds,perception,0
15,20Newsgroups,tfidf,som,accloc,0.87
16,20Newsgroups,tfidf,som,accglo,0.52
17,20Newsgroups,tfidf,som,perception,0.4
18,20Newsgroups,tfidf,tsne,accloc,0.93
19,20Newsgroups,tfidf,tsne,accglo,0.57
20,20Newsgroups,tfidf,tsne,perception,0.65
21,20Newsgroups,tfidf,umap,accloc,0.9
22,20Newsgroups,tfidf,umap,accglo,0.56
23,20Newsgroups,tfidf,umap,perception,0.61
24,20Newsgroups,lda,mds,accloc,0
25,20Newsgroups,lda,mds,accglo,0
26,20Newsgroups,lda,mds,perception,0
27,20Newsgroups,lda,som,accloc,0.97
28,20Newsgroups,lda,som,accglo,0.68
29,20Newsgroups,lda,som,perception,0.28
30,20Newsgroups,lda,tsne,accloc,0.98
31,20Newsgroups,lda,tsne,accglo,0.73
32,20Newsgroups,lda,tsne,perception,0.34
33,20Newsgroups,lda,umap,accloc,0.98
34,20Newsgroups,lda,umap,accglo,0.75
35,20Newsgroups,lda,umap,perception,0.32
36,20Newsgroups,lda-SC,mds,accloc,0
37,20Newsgroups,lda-SC,mds,accglo,0
38,20Newsgroups,lda-SC,mds,perception,0
39,20Newsgroups,lda-SC,som,accloc,0.97
40,20Newsgroups,lda-SC,som,accglo,0.76
41,20Newsgroups,lda-SC,som,perception,0.29
42,20Newsgroups,lda-SC,tsne,accloc,0.98
43,20Newsgroups,lda-SC,tsne,accglo,0.81
44,20Newsgroups,lda-SC,tsne,perception,0.36
45,20Newsgroups,lda-SC,umap,accloc,0.98
46,20Newsgroups,lda-SC,umap,accglo,0.85
47,20Newsgroups,lda-SC,umap,perception,0.33
48,20Newsgroups,lsi,mds,accloc,0
49,20Newsgroups,lsi,mds,accglo,0
50,20Newsgroups,lsi,mds,perception,0
51,20Newsgroups,lsi,som,accloc,0.88
52,20Newsgroups,lsi,som,accglo,0.73
53,20Newsgroups,lsi,som,perception,0.25
54,20Newsgroups,lsi,tsne,accloc,0.97
55,20Newsgroups,lsi,tsne,accglo,0.81
56,20Newsgroups,lsi,tsne,perception,0.36
57,20Newsgroups,lsi,umap,accloc,0.87
58,20Newsgroups,lsi,umap,accglo,0.75
59,20Newsgroups,lsi,umap,perception,0.28
60,20Newsgroups,lsi-SC,mds,accloc,0
61,20Newsgroups,lsi-SC,mds,accglo,0
62,20Newsgroups,lsi-SC,mds,perception,0
63,20Newsgroups,lsi-SC,som,accloc,0.89
64,20Newsgroups,lsi-SC,som,accglo,0.74
65,20Newsgroups,lsi-SC,som,perception,0.25
66,20Newsgroups,lsi-SC,tsne,accloc,0.97
67,20Newsgroups,lsi-SC,tsne,accglo,0.81
68,20Newsgroups,lsi-SC,tsne,perception,0.36
69,20Newsgroups,lsi-SC,umap,accloc,0.86
70,20Newsgroups,lsi-SC,umap,accglo,0.75
71,20Newsgroups,lsi-SC,umap,perception,0.28
72,20Newsgroups,lsi-tfidf,mds,accloc,0
73,20Newsgroups,lsi-tfidf,mds,accglo,0
74,20Newsgroups,lsi-tfidf,mds,perception,0
75,20Newsgroups,lsi-tfidf,som,accloc,0.95
76,20Newsgroups,lsi-tfidf,som,accglo,0.72
77,20Newsgroups,lsi-tfidf,som,perception,0.49
78,20Newsgroups,lsi-tfidf,tsne,accloc,0.99
79,20Newsgroups,lsi-tfidf,tsne,accglo,0.76
80,20Newsgroups,lsi-tfidf,tsne,perception,0.61
81,20Newsgroups,lsi-tfidf,umap,accloc,0.96
82,20Newsgroups,lsi-tfidf,umap,accglo,0.78
83,20Newsgroups,lsi-tfidf,umap,perception,0.55
84,20Newsgroups,lsi-tfidf-SC,mds,accloc,0
85,20Newsgroups,lsi-tfidf-SC,mds,accglo,0
86,20Newsgroups,lsi-tfidf-SC,mds,perception,0
87,20Newsgroups,lsi-tfidf-SC,som,accloc,0.96
88,20Newsgroups,lsi-tfidf-SC,som,accglo,0.71
89,20Newsgroups,lsi-tfidf-SC,som,perception,0.49
90,20Newsgroups,lsi-tfidf-SC,tsne,accloc,0.99
91,20Newsgroups,lsi-tfidf-SC,tsne,accglo,0.76
92,20Newsgroups,lsi-tfidf-SC,tsne,perception,0.61
93,20Newsgroups,lsi-tfidf-SC,umap,accloc,0.96
94,20Newsgroups,lsi-tfidf-SC,umap,accglo,0.78
95,20Newsgroups,lsi-tfidf-SC,umap,perception,0.56
96,20Newsgroups,nmf,mds,accloc,0
97,20Newsgroups,nmf,mds,accglo,0
98,20Newsgroups,nmf,mds,perception,0
99,20Newsgroups,nmf,som,accloc,0.95
100,20Newsgroups,nmf,som,accglo,0.69
101,20Newsgroups,nmf,som,perception,0.21
102,20Newsgroups,nmf,tsne,accloc,0.98
103,20Newsgroups,nmf,tsne,accglo,0.81
104,20Newsgroups,nmf,tsne,perception,0.27
105,20Newsgroups,nmf,umap,accloc,0.96
106,20Newsgroups,nmf,umap,accglo,0.81
107,20Newsgroups,nmf,umap,perception,0.26
108,20Newsgroups,nmf-SC,mds,accloc,0
109,20Newsgroups,nmf-SC,mds,accglo,0
110,20Newsgroups,nmf-SC,mds,perception,0
111,20Newsgroups,nmf-SC,som,accloc,0.96
112,20Newsgroups,nmf-SC,som,accglo,0.79
113,20Newsgroups,nmf-SC,som,perception,0.33
114,20Newsgroups,nmf-SC,tsne,accloc,0.98
115,20Newsgroups,nmf-SC,tsne,accglo,0.84
116,20Newsgroups,nmf-SC,tsne,perception,0.26
117,20Newsgroups,nmf-SC,umap,accloc,0.96
118,20Newsgroups,nmf-SC,umap,accglo,0.86
119,20Newsgroups,nmf-SC,umap,perception,0.24
120,20Newsgroups,nmf-tfidf,mds,accloc,0
121,20Newsgroups,nmf-tfidf,mds,accglo,0
122,20Newsgroups,nmf-tfidf,mds,perception,0
123,20Newsgroups,nmf-tfidf,som,accloc,0.97
124,20Newsgroups,nmf-tfidf,som,accglo,0.67
125,20Newsgroups,nmf-tfidf,som,perception,0.42
126,20Newsgroups,nmf-tfidf,tsne,accloc,0.99
127,20Newsgroups,nmf-tfidf,tsne,accglo,0.7
128,20Newsgroups,nmf-tfidf,tsne,perception,0.51
129,20Newsgroups,nmf-tfidf,umap,accloc,0.97
130,20Newsgroups,nmf-tfidf,umap,accglo,0.78
131,20Newsgroups,nmf-tfidf,umap,perception,0.49
132,20Newsgroups,nmf-tfidf-SC,mds,accloc,0
133,20Newsgroups,nmf-tfidf-SC,mds,accglo,0
134,20Newsgroups,nmf-tfidf-SC,mds,perception,0
135,20Newsgroups,nmf-tfidf-SC,som,accloc,0.97
136,20Newsgroups,nmf-tfidf-SC,som,accglo,0.74
137,20Newsgroups,nmf-tfidf-SC,som,perception,0.43
138,20Newsgroups,nmf-tfidf-SC,tsne,accloc,0.99
139,20Newsgroups,nmf-tfidf-SC,tsne,accglo,0.79
140,20Newsgroups,nmf-tfidf-SC,tsne,perception,0.51
141,20Newsgroups,nmf-tfidf-SC,umap,accloc,0.98
142,20Newsgroups,nmf-tfidf-SC,umap,accglo,0.86
143,20Newsgroups,nmf-tfidf-SC,umap,perception,0.49
144,20Newsgroups,bert,mds,accloc,0
145,20Newsgroups,bert,mds,accglo,0
146,20Newsgroups,bert,mds,perception,0
147,20Newsgroups,bert,som,accloc,0.95
148,20Newsgroups,bert,som,accglo,0.72
149,20Newsgroups,bert,som,perception,0.54
150,20Newsgroups,bert,tsne,accloc,0.97
151,20Newsgroups,bert,tsne,accglo,0.75
152,20Newsgroups,bert,tsne,perception,0.7
153,20Newsgroups,bert,umap,accloc,0.96
154,20Newsgroups,bert,umap,accglo,0.78
155,20Newsgroups,bert,umap,perception,0.66
156,Emails,bow,mds,accloc,0
157,Emails,bow,mds,accglo,0
158,Emails,bow,mds,perception,0
159,Emails,bow,som,accloc,0
160,Emails,bow,som,accglo,0
161,Emails,bow,som,perception,0
162,Emails,bow,tsne,accloc,0
163,Emails,bow,tsne,accglo,0
164,Emails,bow,tsne,perception,0
165,Emails,bow,umap,accloc,0
166,Emails,bow,umap,accglo,0
167,Emails,bow,umap,perception,0
168,Emails,tfidf,mds,accloc,0.51
169,Emails,tfidf,mds,accglo,0.28
170,Emails,tfidf,mds,perception,0.31
171,Emails,tfidf,som,accloc,0.89
172,Emails,tfidf,som,accglo,0.51
173,Emails,tfidf,som,perception,0.52
174,Emails,tfidf,tsne,accloc,0.95
175,Emails,tfidf,tsne,accglo,0.58
176,Emails,tfidf,tsne,perception,0.6
177,Emails,tfidf,umap,accloc,0.92
178,Emails,tfidf,umap,accglo,0.56
179,Emails,tfidf,umap,perception,0.6
180,Emails,lda,mds,accloc,0.55
181,Emails,lda,mds,accglo,0.37
182,Emails,lda,mds,perception,0.36
183,Emails,lda,som,accloc,0.99
184,Emails,lda,som,accglo,0.76
185,Emails,lda,som,perception,0.44
186,Emails,lda,tsne,accloc,0.99
187,Emails,lda,tsne,accglo,0.77
188,Emails,lda,tsne,perception,0.52
189,Emails,lda,umap,accloc,0.99
190,Emails,lda,umap,accglo,0.81
191,Emails,lda,umap,perception,0.5
192,Emails,lda-SC,mds,accloc,0.55
193,Emails,lda-SC,mds,accglo,0.35
194,Emails,lda-SC,mds,perception,0.37
195,Emails,lda-SC,som,accloc,0.99
196,Emails,lda-SC,som,accglo,0.83
197,Emails,lda-SC,som,perception,0.46
198,Emails,lda-SC,tsne,accloc,0.99
199,Emails,lda-SC,tsne,accglo,0.81
200,Emails,lda-SC,tsne,perception,0.49
201,Emails,lda-SC,umap,accloc,0.99
202,Emails,lda-SC,umap,accglo,0.85
203,Emails,lda-SC,umap,perception,0.51
204,Emails,lsi,mds,accloc,0.55
205,Emails,lsi,mds,accglo,0.36
206,Emails,lsi,mds,perception,0.32
207,Emails,lsi,som,accloc,0.86
208,Emails,lsi,som,accglo,0.67
209,Emails,lsi,som,perception,0.42
210,Emails,lsi,tsne,accloc,0.98
211,Emails,lsi,tsne,accglo,0.84
212,Emails,lsi,tsne,perception,0.49
213,Emails,lsi,umap,accloc,0.82
214,Emails,lsi,umap,accglo,0.69
215,Emails,lsi,umap,perception,0.45
216,Emails,lsi-SC,mds,accloc,0.55
217,Emails,lsi-SC,mds,accglo,0.36
218,Emails,lsi-SC,mds,perception,0.32
219,Emails,lsi-SC,som,accloc,0.86
220,Emails,lsi-SC,som,accglo,0.66
221,Emails,lsi-SC,som,perception,0.42
222,Emails,lsi-SC,tsne,accloc,0.98
223,Emails,lsi-SC,tsne,accglo,0.84
224,Emails,lsi-SC,tsne,perception,0.49
225,Emails,lsi-SC,umap,accloc,0.82
226,Emails,lsi-SC,umap,accglo,0.69
227,Emails,lsi-SC,umap,perception,0.46
228,Emails,lsi-tfidf,mds,accloc,0.56
229,Emails,lsi-tfidf,mds,accglo,0.36
230,Emails,lsi-tfidf,mds,perception,0.32
231,Emails,lsi-tfidf,som,accloc,0.94
232,Emails,lsi-tfidf,som,accglo,0.8
233,Emails,lsi-tfidf,som,perception,0.55
234,Emails,lsi-tfidf,tsne,accloc,0.99
235,Emails,lsi-tfidf,tsne,accglo,0.87
236,Emails,lsi-tfidf,tsne,perception,0.59
237,Emails,lsi-tfidf,umap,accloc,0.94
238,Emails,lsi-tfidf,umap,accglo,0.86
239,Emails,lsi-tfidf,umap,perception,0.58
240,Emails,lsi-tfidf-SC,mds,accloc,0.56
241,Emails,lsi-tfidf-SC,mds,accglo,0.36
242,Emails,lsi-tfidf-SC,mds,perception,0.32
243,Emails,lsi-tfidf-SC,som,accloc,0.94
244,Emails,lsi-tfidf-SC,som,accglo,0.79
245,Emails,lsi-tfidf-SC,som,perception,0.55
246,Emails,lsi-tfidf-SC,tsne,accloc,0.99
247,Emails,lsi-tfidf-SC,tsne,accglo,0.87
248,Emails,lsi-tfidf-SC,tsne,perception,0.59
249,Emails,lsi-tfidf-SC,umap,accloc,0.94
250,Emails,lsi-tfidf-SC,umap,accglo,0.86
251,Emails,lsi-tfidf-SC,umap,perception,0.58
252,Emails,nmf,mds,accloc,0.57
253,Emails,nmf,mds,accglo,0.36
254,Emails,nmf,mds,perception,0.33
255,Emails,nmf,som,accloc,0.97
256,Emails,nmf,som,accglo,0.84
257,Emails,nmf,som,perception,0.47
258,Emails,nmf,tsne,accloc,0.99
259,Emails,nmf,tsne,accglo,0.85
260,Emails,nmf,tsne,perception,0.53
261,Emails,nmf,umap,accloc,0.98
262,Emails,nmf,umap,accglo,0.84
263,Emails,nmf,umap,perception,0.53
264,Emails,nmf-SC,mds,accloc,0.56
265,Emails,nmf-SC,mds,accglo,0.37
266,Emails,nmf-SC,mds,perception,0.36
267,Emails,nmf-SC,som,accloc,0.97
268,Emails,nmf-SC,som,accglo,0.85
269,Emails,nmf-SC,som,perception,0.46
270,Emails,nmf-SC,tsne,accloc,0.99
271,Emails,nmf-SC,tsne,accglo,0.87
272,Emails,nmf-SC,tsne,perception,0.53
273,Emails,nmf-SC,umap,accloc,0.98
274,Emails,nmf-SC,umap,accglo,0.87
275,Emails,nmf-SC,umap,perception,0.51
276,Emails,nmf-tfidf,mds,accloc,0.55
277,Emails,nmf-tfidf,mds,accglo,0.36
278,Emails,nmf-tfidf,mds,perception,0.35
279,Emails,nmf-tfidf,som,accloc,0.97
280,Emails,nmf-tfidf,som,accglo,0.78
281,Emails,nmf-tfidf,som,perception,0.45
282,Emails,nmf-tfidf,tsne,accloc,0.99
283,Emails,nmf-tfidf,tsne,accglo,0.82
284,Emails,nmf-tfidf,tsne,perception,0.48
285,Emails,nmf-tfidf,umap,accloc,0.98
286,Emails,nmf-tfidf,umap,accglo,0.86
287,Emails,nmf-tfidf,umap,perception,0.48
288,Emails,nmf-tfidf-SC,mds,accloc,0.55
289,Emails,nmf-tfidf-SC,mds,accglo,0.36
290,Emails,nmf-tfidf-SC,mds,perception,0.35
291,Emails,nmf-tfidf-SC,som,accloc,0.98
292,Emails,nmf-tfidf-SC,som,accglo,0.82
293,Emails,nmf-tfidf-SC,som,perception,0.43
294,Emails,nmf-tfidf-SC,tsne,accloc,0.99
295,Emails,nmf-tfidf-SC,tsne,accglo,0.86
296,Emails,nmf-tfidf-SC,tsne,perception,0.49
297,Emails,nmf-tfidf-SC,umap,accloc,0.98
298,Emails,nmf-tfidf-SC,umap,accglo,0.91
299,Emails,nmf-tfidf-SC,umap,perception,0.48
300,Emails,bert,mds,accloc,0.53
301,Emails,bert,mds,accglo,0.35
302,Emails,bert,mds,perception,0.35
303,Emails,bert,som,accloc,0.95
304,Emails,bert,som,accglo,0.72
305,Emails,bert,som,perception,0.58
306,Emails,bert,tsne,accloc,0.97
307,Emails,bert,tsne,accglo,0.75
308,Emails,bert,tsne,perception,0.6
309,Emails,bert,umap,accloc,0.95
310,Emails,bert,umap,accglo,0.76
311,Emails,bert,umap,perception,0.6
312,7Categories,bow,mds,accloc,0
313,7Categories,bow,mds,accglo,0
314,7Categories,bow,mds,perception,0
315,7Categories,bow,som,accloc,0.93
316,7Categories,bow,som,accglo,0.64
317,7Categories,bow,som,perception,0.61
318,7Categories,bow,tsne,accloc,0.99
319,7Categories,bow,tsne,accglo,0.71
320,7Categories,bow,tsne,perception,0.68
321,7Categories,bow,umap,accloc,0.93
322,7Categories,bow,umap,accglo,0.69
323,7Categories,bow,umap,perception,0.63
324,7Categories,tfidf,mds,accloc,0
325,7Categories,tfidf,mds,accglo,0
326,7Categories,tfidf,mds,perception,0
327,7Categories,tfidf,som,accloc,0.96
328,7Categories,tfidf,som,accglo,0.64
329,7Categories,tfidf,som,perception,0.65
330,7Categories,tfidf,tsne,accloc,0.99
331,7Categories,tfidf,tsne,accglo,0.71
332,7Categories,tfidf,tsne,perception,0.67
333,7Categories,tfidf,umap,accloc,0.98
334,7Categories,tfidf,umap,accglo,0.7
335,7Categories,tfidf,umap,perception,0.71
336,7Categories,lda,mds,accloc,0
337,7Categories,lda,mds,accglo,0
338,7Categories,lda,mds,perception,0
339,7Categories,lda,som,accloc,0.98
340,7Categories,lda,som,accglo,0.75
341,7Categories,lda,som,perception,0.52
342,7Categories,lda,tsne,accloc,0.99
343,7Categories,lda,tsne,accglo,0.77
344,7Categories,lda,tsne,perception,0.59
345,7Categories,lda,umap,accloc,0.98
346,7Categories,lda,umap,accglo,0.78
347,7Categories,lda,umap,perception,0.57
348,7Categories,lda-SC,mds,accloc,0
349,7Categories,lda-SC,mds,accglo,0
350,7Categories,lda-SC,mds,perception,0
351,7Categories,lda-SC,som,accloc,0.98
352,7Categories,lda-SC,som,accglo,0.86
353,7Categories,lda-SC,som,perception,0.55
354,7Categories,lda-SC,tsne,accloc,0.99
355,7Categories,lda-SC,tsne,accglo,0.9
356,7Categories,lda-SC,tsne,perception,0.59
357,7Categories,lda-SC,umap,accloc,0.99
358,7Categories,lda-SC,umap,accglo,0.94
359,7Categories,lda-SC,umap,perception,0.58
360,7Categories,lsi,mds,accloc,0
361,7Categories,lsi,mds,accglo,0
362,7Categories,lsi,mds,perception,0
363,7Categories,lsi,som,accloc,0.96
364,7Categories,lsi,som,accglo,0.76
365,7Categories,lsi,som,perception,0.63
366,7Categories,lsi,tsne,accloc,0.99
367,7Categories,lsi,tsne,accglo,0.82
368,7Categories,lsi,tsne,perception,0.69
369,7Categories,lsi,umap,accloc,0.96
370,7Categories,lsi,umap,accglo,0.82
371,7Categories,lsi,umap,perception,0.69
372,7Categories,lsi-SC,mds,accloc,0
373,7Categories,lsi-SC,mds,accglo,0
374,7Categories,lsi-SC,mds,perception,0
375,7Categories,lsi-SC,som,accloc,0.96
376,7Categories,lsi-SC,som,accglo,0.77
377,7Categories,lsi-SC,som,perception,0.63
378,7Categories,lsi-SC,tsne,accloc,0.99
379,7Categories,lsi-SC,tsne,accglo,0.82
380,7Categories,lsi-SC,tsne,perception,0.69
381,7Categories,lsi-SC,umap,accloc,0.96
382,7Categories,lsi-SC,umap,accglo,0.83
383,7Categories,lsi-SC,umap,perception,0.67
384,7Categories,lsi-tfidf,mds,accloc,0
385,7Categories,lsi-tfidf,mds,accglo,0
386,7Categories,lsi-tfidf,mds,perception,0
387,7Categories,lsi-tfidf,som,accloc,0.97
388,7Categories,lsi-tfidf,som,accglo,0.77
389,7Categories,lsi-tfidf,som,perception,0.65
390,7Categories,lsi-tfidf,tsne,accloc,0.99
391,7Categories,lsi-tfidf,tsne,accglo,0.82
392,7Categories,lsi-tfidf,tsne,perception,0.67
393,7Categories,lsi-tfidf,umap,accloc,0.97
394,7Categories,lsi-tfidf,umap,accglo,0.83
395,7Categories,lsi-tfidf,umap,perception,0.69
396,7Categories,lsi-tfidf-SC,mds,accloc,0
397,7Categories,lsi-tfidf-SC,mds,accglo,0
398,7Categories,lsi-tfidf-SC,mds,perception,0
399,7Categories,lsi-tfidf-SC,som,accloc,0.97
400,7Categories,lsi-tfidf-SC,som,accglo,0.78
401,7Categories,lsi-tfidf-SC,som,perception,0.66
402,7Categories,lsi-tfidf-SC,tsne,accloc,0.99
403,7Categories,lsi-tfidf-SC,tsne,accglo,0.82
404,7Categories,lsi-tfidf-SC,tsne,perception,0.66
405,7Categories,lsi-tfidf-SC,umap,accloc,0.97
406,7Categories,lsi-tfidf-SC,umap,accglo,0.83
407,7Categories,lsi-tfidf-SC,umap,perception,0.69
408,7Categories,nmf,mds,accloc,0
409,7Categories,nmf,mds,accglo,0
410,7Categories,nmf,mds,perception,0
411,7Categories,nmf,som,accloc,0.98
412,7Categories,nmf,som,accglo,0.76
413,7Categories,nmf,som,perception,0.56
414,7Categories,nmf,tsne,accloc,0.99
415,7Categories,nmf,tsne,accglo,0.8
416,7Categories,nmf,tsne,perception,0.62
417,7Categories,nmf,umap,accloc,0.98
418,7Categories,nmf,umap,accglo,0.83
419,7Categories,nmf,umap,perception,0.62
420,7Categories,nmf-SC,mds,accloc,0
421,7Categories,nmf-SC,mds,accglo,0
422,7Categories,nmf-SC,mds,perception,0
423,7Categories,nmf-SC,som,accloc,0.97
424,7Categories,nmf-SC,som,accglo,0.83
425,7Categories,nmf-SC,som,perception,0.58
426,7Categories,nmf-SC,tsne,accloc,0.99
427,7Categories,nmf-SC,tsne,accglo,0.89
428,7Categories,nmf-SC,tsne,perception,0.62
429,7Categories,nmf-SC,umap,accloc,0.99
430,7Categories,nmf-SC,umap,accglo,0.91
431,7Categories,nmf-SC,umap,perception,0.61
432,7Categories,nmf-tfidf,mds,accloc,0
433,7Categories,nmf-tfidf,mds,accglo,0
434,7Categories,nmf-tfidf,mds,perception,0
435,7Categories,nmf-tfidf,som,accloc,0.98
436,7Categories,nmf-tfidf,som,accglo,0.75
437,7Categories,nmf-tfidf,som,perception,0.6
438,7Categories,nmf-tfidf,tsne,accloc,0.99
439,7Categories,nmf-tfidf,tsne,accglo,0.77
440,7Categories,nmf-tfidf,tsne,perception,0.65
441,7Categories,nmf-tfidf,umap,accloc,0.99
442,7Categories,nmf-tfidf,umap,accglo,0.8
443,7Categories,nmf-tfidf,umap,perception,0.64
444,7Categories,nmf-tfidf-SC,mds,accloc,0
445,7Categories,nmf-tfidf-SC,mds,accglo,0
446,7Categories,nmf-tfidf-SC,mds,perception,0
447,7Categories,nmf-tfidf-SC,som,accloc,0.98
448,7Categories,nmf-tfidf-SC,som,accglo,0.81
449,7Categories,nmf-tfidf-SC,som,perception,0.61
450,7Categories,nmf-tfidf-SC,tsne,accloc,0.99
451,7Categories,nmf-tfidf-SC,tsne,accglo,0.85
452,7Categories,nmf-tfidf-SC,tsne,perception,0.65
453,7Categories,nmf-tfidf-SC,umap,accloc,0.99
454,7Categories,nmf-tfidf-SC,umap,accglo,0.88
455,7Categories,nmf-tfidf-SC,umap,perception,0.64
456,7Categories,bert,mds,accloc,0
457,7Categories,bert,mds,accglo,0
458,7Categories,bert,mds,perception,0
459,7Categories,bert,som,accloc,0.98
460,7Categories,bert,som,accglo,0.77
461,7Categories,bert,som,perception,0.68
462,7Categories,bert,tsne,accloc,0.99
463,7Categories,bert,tsne,accglo,0.79
464,7Categories,bert,tsne,perception,0.73
465,7Categories,bert,umap,accloc,0.99
466,7Categories,bert,umap,accglo,0.79
467,7Categories,bert,umap,perception,0.72
468,BBC,bow,mds,accloc,0.47
469,BBC,bow,mds,accglo,0.29
470,BBC,bow,mds,perception,0.25
471,BBC,bow,som,accloc,0.88
472,BBC,bow,som,accglo,0.57
473,BBC,bow,som,perception,0.75
474,BBC,bow,tsne,accloc,0.95
475,BBC,bow,tsne,accglo,0.7
476,BBC,bow,tsne,perception,0.91
477,BBC,bow,umap,accloc,0.84
478,BBC,bow,umap,accglo,0.62
479,BBC,bow,umap,perception,0.77
480,BBC,tfidf,mds,accloc,0.45
481,BBC,tfidf,mds,accglo,0.34
482,BBC,tfidf,mds,perception,0.25
483,BBC,tfidf,som,accloc,0.92
484,BBC,tfidf,som,accglo,0.63
485,BBC,tfidf,som,perception,0.83
486,BBC,tfidf,tsne,accloc,0.96
487,BBC,tfidf,tsne,accglo,0.68
488,BBC,tfidf,tsne,perception,0.91
489,BBC,tfidf,umap,accloc,0.95
490,BBC,tfidf,umap,accglo,0.69
491,BBC,tfidf,umap,perception,0.93
492,BBC,lda,mds,accloc,0.58
493,BBC,lda,mds,accglo,0.38
494,BBC,lda,mds,perception,0.27
495,BBC,lda,som,accloc,0.98
496,BBC,lda,som,accglo,0.78
497,BBC,lda,som,perception,0.51
498,BBC,lda,tsne,accloc,0.98
499,BBC,lda,tsne,accglo,0.71
500,BBC,lda,tsne,perception,0.57
501,BBC,lda,umap,accloc,0.98
502,BBC,lda,umap,accglo,0.79
503,BBC,lda,umap,perception,0.53
504,BBC,lda-SC,mds,accloc,0.56
505,BBC,lda-SC,mds,accglo,0.35
506,BBC,lda-SC,mds,perception,0.28
507,BBC,lda-SC,som,accloc,0.98
508,BBC,lda-SC,som,accglo,0.8
509,BBC,lda-SC,som,perception,0.51
510,BBC,lda-SC,tsne,accloc,0.98
511,BBC,lda-SC,tsne,accglo,0.76
512,BBC,lda-SC,tsne,perception,0.55
513,BBC,lda-SC,umap,accloc,0.98
514,BBC,lda-SC,umap,accglo,0.85
515,BBC,lda-SC,umap,perception,0.54
516,BBC,lsi,mds,accloc,0.54
517,BBC,lsi,mds,accglo,0.36
518,BBC,lsi,mds,perception,0.25
519,BBC,lsi,som,accloc,0.92
520,BBC,lsi,som,accglo,0.77
521,BBC,lsi,som,perception,0.84
522,BBC,lsi,tsne,accloc,0.99
523,BBC,lsi,tsne,accglo,0.85
524,BBC,lsi,tsne,perception,0.88
525,BBC,lsi,umap,accloc,0.93
526,BBC,lsi,umap,accglo,0.82
527,BBC,lsi,umap,perception,0.85
528,BBC,lsi-SC,mds,accloc,0.54
529,BBC,lsi-SC,mds,accglo,0.36
530,BBC,lsi-SC,mds,perception,0.25
531,BBC,lsi-SC,som,accloc,0.93
532,BBC,lsi-SC,som,accglo,0.79
533,BBC,lsi-SC,som,perception,0.84
534,BBC,lsi-SC,tsne,accloc,0.99
535,BBC,lsi-SC,tsne,accglo,0.85
536,BBC,lsi-SC,tsne,perception,0.88
537,BBC,lsi-SC,umap,accloc,0.93
538,BBC,lsi-SC,umap,accglo,0.82
539,BBC,lsi-SC,umap,perception,0.85
540,BBC,lsi-tfidf,mds,accloc,0.53
541,BBC,lsi-tfidf,mds,accglo,0.35
542,BBC,lsi-tfidf,mds,perception,0.24
543,BBC,lsi-tfidf,som,accloc,0.97
544,BBC,lsi-tfidf,som,accglo,0.82
545,BBC,lsi-tfidf,som,perception,0.92
546,BBC,lsi-tfidf,tsne,accloc,0.99
547,BBC,lsi-tfidf,tsne,accglo,0.8
548,BBC,lsi-tfidf,tsne,perception,0.95
549,BBC,lsi-tfidf,umap,accloc,0.98
550,BBC,lsi-tfidf,umap,accglo,0.85
551,BBC,lsi-tfidf,umap,perception,0.94
552,BBC,lsi-tfidf-SC,mds,accloc,0.53
553,BBC,lsi-tfidf-SC,mds,accglo,0.35
554,BBC,lsi-tfidf-SC,mds,perception,0.24
555,BBC,lsi-tfidf-SC,som,accloc,0.98
556,BBC,lsi-tfidf-SC,som,accglo,0.8
557,BBC,lsi-tfidf-SC,som,perception,0.92
558,BBC,lsi-tfidf-SC,tsne,accloc,0.99
559,BBC,lsi-tfidf-SC,tsne,accglo,0.8
560,BBC,lsi-tfidf-SC,tsne,perception,0.95
561,BBC,lsi-tfidf-SC,umap,accloc,0.98
562,BBC,lsi-tfidf-SC,umap,accglo,0.85
563,BBC,lsi-tfidf-SC,umap,perception,0.94
564,BBC,nmf,mds,accloc,0.53
565,BBC,nmf,mds,accglo,0.38
566,BBC,nmf,mds,perception,0.25
567,BBC,nmf,som,accloc,0.96
568,BBC,nmf,som,accglo,0.77
569,BBC,nmf,som,perception,0.68
570,BBC,nmf,tsne,accloc,0.98
571,BBC,nmf,tsne,accglo,0.81
572,BBC,nmf,tsne,perception,0.68
573,BBC,nmf,umap,accloc,0.97
574,BBC,nmf,umap,accglo,0.85
575,BBC,nmf,umap,perception,0.69
576,BBC,nmf-SC,mds,accloc,0.54
577,BBC,nmf-SC,mds,accglo,0.38
578,BBC,nmf-SC,mds,perception,0.26
579,BBC,nmf-SC,som,accloc,0.97
580,BBC,nmf-SC,som,accglo,0.81
581,BBC,nmf-SC,som,perception,0.68
582,BBC,nmf-SC,tsne,accloc,0.98
583,BBC,nmf-SC,tsne,accglo,0.85
584,BBC,nmf-SC,tsne,perception,0.69
585,BBC,nmf-SC,umap,accloc,0.98
586,BBC,nmf-SC,umap,accglo,0.87
587,BBC,nmf-SC,umap,perception,0.67
588,BBC,nmf-tfidf,mds,accloc,0.53
589,BBC,nmf-tfidf,mds,accglo,0.37
590,BBC,nmf-tfidf,mds,perception,0.25
591,BBC,nmf-tfidf,som,accloc,0.97
592,BBC,nmf-tfidf,som,accglo,0.76
593,BBC,nmf-tfidf,som,perception,0.69
594,BBC,nmf-tfidf,tsne,accloc,0.98
595,BBC,nmf-tfidf,tsne,accglo,0.78
596,BBC,nmf-tfidf,tsne,perception,0.75
597,BBC,nmf-tfidf,umap,accloc,0.98
598,BBC,nmf-tfidf,umap,accglo,0.82
599,BBC,nmf-tfidf,umap,perception,0.74
600,BBC,nmf-tfidf-SC,mds,accloc,0.53
601,BBC,nmf-tfidf-SC,mds,accglo,0.35
602,BBC,nmf-tfidf-SC,mds,perception,0.27
603,BBC,nmf-tfidf-SC,som,accloc,0.97
604,BBC,nmf-tfidf-SC,som,accglo,0.81
605,BBC,nmf-tfidf-SC,som,perception,0.72
606,BBC,nmf-tfidf-SC,tsne,accloc,0.98
607,BBC,nmf-tfidf-SC,tsne,accglo,0.84
608,BBC,nmf-tfidf-SC,tsne,perception,0.77
609,BBC,nmf-tfidf-SC,umap,accloc,0.98
610,BBC,nmf-tfidf-SC,umap,accglo,0.88
611,BBC,nmf-tfidf-SC,umap,perception,0.76
612,BBC,bert,mds,accloc,0.5
613,BBC,bert,mds,accglo,0.39
614,BBC,bert,mds,perception,0.27
615,BBC,bert,som,accloc,0.96
616,BBC,bert,som,accglo,0.73
617,BBC,bert,som,perception,0.93
618,BBC,bert,tsne,accloc,0.98
619,BBC,bert,tsne,accglo,0.8
620,BBC,bert,tsne,perception,0.96
621,BBC,bert,umap,accloc,0.97
622,BBC,bert,umap,accglo,0.81
623,BBC,bert,umap,perception,0.96
624,Lyrics,bow,mds,accloc,0.51
625,Lyrics,bow,mds,accglo,0.26
626,Lyrics,bow,mds,perception,0.33
627,Lyrics,bow,som,accloc,0.82
628,Lyrics,bow,som,accglo,0.56
629,Lyrics,bow,som,perception,0.44
630,Lyrics,bow,tsne,accloc,0.91
631,Lyrics,bow,tsne,accglo,0.65
632,Lyrics,bow,tsne,perception,0.49
633,Lyrics,bow,umap,accloc,0.77
634,Lyrics,bow,umap,accglo,0.59
635,Lyrics,bow,umap,perception,0.54
636,Lyrics,tfidf,mds,accloc,0.51
637,Lyrics,tfidf,mds,accglo,0.27
638,Lyrics,tfidf,mds,perception,0.32
639,Lyrics,tfidf,som,accloc,0.82
640,Lyrics,tfidf,som,accglo,0.55
641,Lyrics,tfidf,som,perception,0.42
642,Lyrics,tfidf,tsne,accloc,0.89
643,Lyrics,tfidf,tsne,accglo,0.6
644,Lyrics,tfidf,tsne,perception,0.5
645,Lyrics,tfidf,umap,accloc,0.85
646,Lyrics,tfidf,umap,accglo,0.57
647,Lyrics,tfidf,umap,perception,0.53
648,Lyrics,lda,mds,accloc,0.57
649,Lyrics,lda,mds,accglo,0.39
650,Lyrics,lda,mds,perception,0.32
651,Lyrics,lda,som,accloc,0.98
652,Lyrics,lda,som,accglo,0.85
653,Lyrics,lda,som,perception,0.46
654,Lyrics,lda,tsne,accloc,0.98
655,Lyrics,lda,tsne,accglo,0.77
656,Lyrics,lda,tsne,perception,0.5
657,Lyrics,lda,umap,accloc,0.99
658,Lyrics,lda,umap,accglo,0.8
659,Lyrics,lda,umap,perception,0.49
660,Lyrics,lda-SC,mds,accloc,0.55
661,Lyrics,lda-SC,mds,accglo,0.38
662,Lyrics,lda-SC,mds,perception,0.31
663,Lyrics,lda-SC,som,accloc,0.99
664,Lyrics,lda-SC,som,accglo,0.9
665,Lyrics,lda-SC,som,perception,0.47
666,Lyrics,lda-SC,tsne,accloc,0.99
667,Lyrics,lda-SC,tsne,accglo,0.77
668,Lyrics,lda-SC,tsne,perception,0.5
669,Lyrics,lda-SC,umap,accloc,0.99
670,Lyrics,lda-SC,umap,accglo,0.86
671,Lyrics,lda-SC,umap,perception,0.5
672,Lyrics,lsi,mds,accloc,0.55
673,Lyrics,lsi,mds,accglo,0.37
674,Lyrics,lsi,mds,perception,0.31
675,Lyrics,lsi,som,accloc,0.91
676,Lyrics,lsi,som,accglo,0.75
677,Lyrics,lsi,som,perception,0.52
678,Lyrics,lsi,tsne,accloc,0.99
679,Lyrics,lsi,tsne,accglo,0.83
680,Lyrics,lsi,tsne,perception,0.51
681,Lyrics,lsi,umap,accloc,0.9
682,Lyrics,lsi,umap,accglo,0.75
683,Lyrics,lsi,umap,perception,0.56
684,Lyrics,lsi-SC,mds,accloc,0.55
685,Lyrics,lsi-SC,mds,accglo,0.37
686,Lyrics,lsi-SC,mds,perception,0.31
687,Lyrics,lsi-SC,som,accloc,0.91
688,Lyrics,lsi-SC,som,accglo,0.75
689,Lyrics,lsi-SC,som,perception,0.51
690,Lyrics,lsi-SC,tsne,accloc,0.99
691,Lyrics,lsi-SC,tsne,accglo,0.83
692,Lyrics,lsi-SC,tsne,perception,0.51
693,Lyrics,lsi-SC,umap,accloc,0.9
694,Lyrics,lsi-SC,umap,accglo,0.75
695,Lyrics,lsi-SC,umap,perception,0.56
696,Lyrics,lsi-tfidf,mds,accloc,0.55
697,Lyrics,lsi-tfidf,mds,accglo,0.37
698,Lyrics,lsi-tfidf,mds,perception,0.3
699,Lyrics,lsi-tfidf,som,accloc,0.9
700,Lyrics,lsi-tfidf,som,accglo,0.75
701,Lyrics,lsi-tfidf,som,perception,0.54
702,Lyrics,lsi-tfidf,tsne,accloc,0.99
703,Lyrics,lsi-tfidf,tsne,accglo,0.86
704,Lyrics,lsi-tfidf,tsne,perception,0.59
705,Lyrics,lsi-tfidf,umap,accloc,0.89
706,Lyrics,lsi-tfidf,umap,accglo,0.81
707,Lyrics,lsi-tfidf,umap,perception,0.58
708,Lyrics,lsi-tfidf-SC,mds,accloc,0.55
709,Lyrics,lsi-tfidf-SC,mds,accglo,0.37
710,Lyrics,lsi-tfidf-SC,mds,perception,0.3
711,Lyrics,lsi-tfidf-SC,som,accloc,0.91
712,Lyrics,lsi-tfidf-SC,som,accglo,0.76
713,Lyrics,lsi-tfidf-SC,som,perception,0.54
714,Lyrics,lsi-tfidf-SC,tsne,accloc,0.99
715,Lyrics,lsi-tfidf-SC,tsne,accglo,0.86
716,Lyrics,lsi-tfidf-SC,tsne,perception,0.59
717,Lyrics,lsi-tfidf-SC,umap,accloc,0.9
718,Lyrics,lsi-tfidf-SC,umap,accglo,0.81
719,Lyrics,lsi-tfidf-SC,umap,perception,0.58
720,Lyrics,nmf,mds,accloc,0.55
721,Lyrics,nmf,mds,accglo,0.37
722,Lyrics,nmf,mds,perception,0.31
723,Lyrics,nmf,som,accloc,0.97
724,Lyrics,nmf,som,accglo,0.8
725,Lyrics,nmf,som,perception,0.42
726,Lyrics,nmf,tsne,accloc,0.99
727,Lyrics,nmf,tsne,accglo,0.83
728,Lyrics,nmf,tsne,perception,0.47
729,Lyrics,nmf,umap,accloc,0.98
730,Lyrics,nmf,umap,accglo,0.85
731,Lyrics,nmf,umap,perception,0.46
732,Lyrics,nmf-SC,mds,accloc,0.54
733,Lyrics,nmf-SC,mds,accglo,0.38
734,Lyrics,nmf-SC,mds,perception,0.3
735,Lyrics,nmf-SC,som,accloc,0.98
736,Lyrics,nmf-SC,som,accglo,0.87
737,Lyrics,nmf-SC,som,perception,0.5
738,Lyrics,nmf-SC,tsne,accloc,0.99
739,Lyrics,nmf-SC,tsne,accglo,0.88
740,Lyrics,nmf-SC,tsne,perception,0.47
741,Lyrics,nmf-SC,umap,accloc,0.98
742,Lyrics,nmf-SC,umap,accglo,0.9
743,Lyrics,nmf-SC,umap,perception,0.46
744,Lyrics,nmf-tfidf,mds,accloc,0.57
745,Lyrics,nmf-tfidf,mds,accglo,0.36
746,Lyrics,nmf-tfidf,mds,perception,0.31
747,Lyrics,nmf-tfidf,som,accloc,0.97
748,Lyrics,nmf-tfidf,som,accglo,0.8
749,Lyrics,nmf-tfidf,som,perception,0.49
750,Lyrics,nmf-tfidf,tsne,accloc,0.99
751,Lyrics,nmf-tfidf,tsne,accglo,0.82
752,Lyrics,nmf-tfidf,tsne,perception,0.53
753,Lyrics,nmf-tfidf,umap,accloc,0.98
754,Lyrics,nmf-tfidf,umap,accglo,0.83
755,Lyrics,nmf-tfidf,umap,perception,0.53
756,Lyrics,nmf-tfidf-SC,mds,accloc,0.55
757,Lyrics,nmf-tfidf-SC,mds,accglo,0.37
758,Lyrics,nmf-tfidf-SC,mds,perception,0.31
759,Lyrics,nmf-tfidf-SC,som,accloc,0.98
760,Lyrics,nmf-tfidf-SC,som,accglo,0.86
761,Lyrics,nmf-tfidf-SC,som,perception,0.52
762,Lyrics,nmf-tfidf-SC,tsne,accloc,0.99
763,Lyrics,nmf-tfidf-SC,tsne,accglo,0.89
764,Lyrics,nmf-tfidf-SC,tsne,perception,0.55
765,Lyrics,nmf-tfidf-SC,umap,accloc,0.99
766,Lyrics,nmf-tfidf-SC,umap,accglo,0.89
767,Lyrics,nmf-tfidf-SC,umap,perception,0.54
768,Lyrics,bert,mds,accloc,0.49
769,Lyrics,bert,mds,accglo,0.34
770,Lyrics,bert,mds,perception,0.34
771,Lyrics,bert,som,accloc,0.87
772,Lyrics,bert,som,accglo,0.69
773,Lyrics,bert,som,perception,0.58
774,Lyrics,bert,tsne,accloc,0.91
775,Lyrics,bert,tsne,accglo,0.76
776,Lyrics,bert,tsne,perception,0.61
777,Lyrics,bert,umap,accloc,0.86
778,Lyrics,bert,umap,accglo,0.74
779,Lyrics,bert,umap,perception,0.6
780,Reuters,bow,mds,accloc,0.5
781,Reuters,bow,mds,accglo,0.39
782,Reuters,bow,mds,perception,0.24
783,Reuters,bow,som,accloc,0.92
784,Reuters,bow,som,accglo,0.71
785,Reuters,bow,som,perception,0.23
786,Reuters,bow,tsne,accloc,0.97
787,Reuters,bow,tsne,accglo,0.79
788,Reuters,bow,tsne,perception,0.28
789,Reuters,bow,umap,accloc,0.93
790,Reuters,bow,umap,accglo,0.72
791,Reuters,bow,umap,perception,0.26
792,Reuters,tfidf,mds,accloc,0.52
793,Reuters,tfidf,mds,accglo,0.42
794,Reuters,tfidf,mds,perception,0.26
795,Reuters,tfidf,som,accloc,0.92
796,Reuters,tfidf,som,accglo,0.67
797,Reuters,tfidf,som,perception,0.22
798,Reuters,tfidf,tsne,accloc,0.94
799,Reuters,tfidf,tsne,accglo,0.68
800,Reuters,tfidf,tsne,perception,0.31
801,Reuters,tfidf,umap,accloc,0.93
802,Reuters,tfidf,umap,accglo,0.71
803,Reuters,tfidf,umap,perception,0.29
804,Reuters,lda,mds,accloc,0.54
805,Reuters,lda,mds,accglo,0.42
806,Reuters,lda,mds,perception,0.23
807,Reuters,lda,som,accloc,0.99
808,Reuters,lda,som,accglo,0.81
809,Reuters,lda,som,perception,0.22
810,Reuters,lda,tsne,accloc,0.99
811,Reuters,lda,tsne,accglo,0.78
812,Reuters,lda,tsne,perception,0.27
813,Reuters,lda,umap,accloc,0.98
814,Reuters,lda,umap,accglo,0.75
815,Reuters,lda,umap,perception,0.29
816,Reuters,lda-SC,mds,accloc,0.53
817,Reuters,lda-SC,mds,accglo,0.43
818,Reuters,lda-SC,mds,perception,0.23
819,Reuters,lda-SC,som,accloc,0.98
820,Reuters,lda-SC,som,accglo,0.92
821,Reuters,lda-SC,som,perception,0.26
822,Reuters,lda-SC,tsne,accloc,0.99
823,Reuters,lda-SC,tsne,accglo,0.85
824,Reuters,lda-SC,tsne,perception,0.29
825,Reuters,lda-SC,umap,accloc,0.98
826,Reuters,lda-SC,umap,accglo,0.88
827,Reuters,lda-SC,umap,perception,0.27
828,Reuters,lsi,mds,accloc,0.56
829,Reuters,lsi,mds,accglo,0.41
830,Reuters,lsi,mds,perception,0.25
831,Reuters,lsi,som,accloc,0.95
832,Reuters,lsi,som,accglo,0.78
833,Reuters,lsi,som,perception,0.22
834,Reuters,lsi,tsne,accloc,0.99
835,Reuters,lsi,tsne,accglo,0.88
836,Reuters,lsi,tsne,perception,0.28
837,Reuters,lsi,umap,accloc,0.96
838,Reuters,lsi,umap,accglo,0.82
839,Reuters,lsi,umap,perception,0.29
840,Reuters,lsi-SC,mds,accloc,0.56
841,Reuters,lsi-SC,mds,accglo,0.41
842,Reuters,lsi-SC,mds,perception,0.25
843,Reuters,lsi-SC,som,accloc,0.94
844,Reuters,lsi-SC,som,accglo,0.77
845,Reuters,lsi-SC,som,perception,0.24
846,Reuters,lsi-SC,tsne,accloc,0.99
847,Reuters,lsi-SC,tsne,accglo,0.88
848,Reuters,lsi-SC,tsne,perception,0.27
849,Reuters,lsi-SC,umap,accloc,0.96
850,Reuters,lsi-SC,umap,accglo,0.82
851,Reuters,lsi-SC,umap,perception,0.29
852,Reuters,lsi-tfidf,mds,accloc,0.56
853,Reuters,lsi-tfidf,mds,accglo,0.39
854,Reuters,lsi-tfidf,mds,perception,0.26
855,Reuters,lsi-tfidf,som,accloc,0.96
856,Reuters,lsi-tfidf,som,accglo,0.83
857,Reuters,lsi-tfidf,som,perception,0.23
858,Reuters,lsi-tfidf,tsne,accloc,0.99
859,Reuters,lsi-tfidf,tsne,accglo,0.87
860,Reuters,lsi-tfidf,tsne,perception,0.28
861,Reuters,lsi-tfidf,umap,accloc,0.96
862,Reuters,lsi-tfidf,umap,accglo,0.86
863,Reuters,lsi-tfidf,umap,perception,0.29
864,Reuters,lsi-tfidf-SC,mds,accloc,0.56
865,Reuters,lsi-tfidf-SC,mds,accglo,0.39
866,Reuters,lsi-tfidf-SC,mds,perception,0.25
867,Reuters,lsi-tfidf-SC,som,accloc,0.97
868,Reuters,lsi-tfidf-SC,som,accglo,0.82
869,Reuters,lsi-tfidf-SC,som,perception,0.21
870,Reuters,lsi-tfidf-SC,tsne,accloc,0.99
871,Reuters,lsi-tfidf-SC,tsne,accglo,0.87
872,Reuters,lsi-tfidf-SC,tsne,perception,0.29
873,Reuters,lsi-tfidf-SC,umap,accloc,0.96
874,Reuters,lsi-tfidf-SC,umap,accglo,0.86
875,Reuters,lsi-tfidf-SC,umap,perception,0.26
876,Reuters,nmf,mds,accloc,0.56
877,Reuters,nmf,mds,accglo,0.39
878,Reuters,nmf,mds,perception,0.24
879,Reuters,nmf,som,accloc,0.98
880,Reuters,nmf,som,accglo,0.84
881,Reuters,nmf,som,perception,0.25
882,Reuters,nmf,tsne,accloc,0.99
883,Reuters,nmf,tsne,accglo,0.84
884,Reuters,nmf,tsne,perception,0.26
885,Reuters,nmf,umap,accloc,0.99
886,Reuters,nmf,umap,accglo,0.83
887,Reuters,nmf,umap,perception,0.29
888,Reuters,nmf-SC,mds,accloc,0.56
889,Reuters,nmf-SC,mds,accglo,0.41
890,Reuters,nmf-SC,mds,perception,0.23
891,Reuters,nmf-SC,som,accloc,0.98
892,Reuters,nmf-SC,som,accglo,0.9
893,Reuters,nmf-SC,som,perception,0.25
894,Reuters,nmf-SC,tsne,accloc,0.99
895,Reuters,nmf-SC,tsne,accglo,0.91
896,Reuters,nmf-SC,tsne,perception,0.28
897,Reuters,nmf-SC,umap,accloc,0.99
898,Reuters,nmf-SC,umap,accglo,0.9
899,Reuters,nmf-SC,umap,perception,0.27
900,Reuters,nmf-tfidf,mds,accloc,0.58
901,Reuters,nmf-tfidf,mds,accglo,0.36
902,Reuters,nmf-tfidf,mds,perception,0.23
903,Reuters,nmf-tfidf,som,accloc,0.98
904,Reuters,nmf-tfidf,som,accglo,0.8
905,Reuters,nmf-tfidf,som,perception,0.21
906,Reuters,nmf-tfidf,tsne,accloc,0.99
907,Reuters,nmf-tfidf,tsne,accglo,0.85
908,Reuters,nmf-tfidf,tsne,perception,0.28
909,Reuters,nmf-tfidf,umap,accloc,0.99
910,Reuters,nmf-tfidf,umap,accglo,0.87
911,Reuters,nmf-tfidf,umap,perception,0.25
912,Reuters,nmf-tfidf-SC,mds,accloc,0.55
913,Reuters,nmf-tfidf-SC,mds,accglo,0.36
914,Reuters,nmf-tfidf-SC,mds,perception,0.23
915,Reuters,nmf-tfidf-SC,som,accloc,0.97
916,Reuters,nmf-tfidf-SC,som,accglo,0.88
917,Reuters,nmf-tfidf-SC,som,perception,0.24
918,Reuters,nmf-tfidf-SC,tsne,accloc,0.99
919,Reuters,nmf-tfidf-SC,tsne,accglo,0.87
920,Reuters,nmf-tfidf-SC,tsne,perception,0.31
921,Reuters,nmf-tfidf-SC,umap,accloc,0.99
922,Reuters,nmf-tfidf-SC,umap,accglo,0.92
923,Reuters,nmf-tfidf-SC,umap,perception,0.31
924,Reuters,bert,mds,accloc,0.52
925,Reuters,bert,mds,accglo,0.38
926,Reuters,bert,mds,perception,0.26
927,Reuters,bert,som,accloc,0.96
928,Reuters,bert,som,accglo,0.75
929,Reuters,bert,som,perception,0.3
930,Reuters,bert,tsne,accloc,0.97
931,Reuters,bert,tsne,accglo,0.79
932,Reuters,bert,tsne,perception,0.3
933,Reuters,bert,umap,accloc,0.97
934,Reuters,bert,umap,accglo,0.8
935,Reuters,bert,umap,perception,0.27
